Model,MAE,RMSE,MAPE
Prophet,14309.986950209619,18954.579462211805,17.469221813934336
